cve_id,cvss_score,asset_criticality,asset
CVE-2021-44228,10.0,critical,payments-api-01
CVE-2022-22965,9.8,high,customer-portal-02
CVE-2017-0144,8.1,critical,file-server-01
CVE-2019-0708,9.8,medium,legacy-rdp-03
CVE-2014-0160,7.5,low,dev-test-vm-01
CVE-2021-34527,8.8,high,ad-dc-01
CVE-2023-44487,7.5,high,web-lb-01
CVE-2024-3094,10.0,low,dev-build-02
CVE-2023-38545,9.8,medium,internal-tools-01
CVE-2022-3602,7.5,medium,app-server-04
CVE-2023-48795,5.9,high,bastion-01
CVE-2023-48795,5.9,low,dev-test-vm-01
CVE-2018-15473,5.3,low,jump-host-02
CVE-2020-8284,3.7,low,monitoring-01
